sha256                                                           ,method                                                                                                                                               ,source
D21E711C5806280D971A8098040F259B68939C958F69E27EB94D346B2DB0A539 ,<ˆ.ʿ.ʿ.ˋ.ˊ$ˈ: boolean ˆ()>                                                                                                                           ,<BuildClass: java.lang.String getMODEL()>
706BCDDDC27DC63993F9DECE9FBE1E26C9AE5E3A639DAF1B4D8C904E10F46B7A ,<ˆ.ʿ.ʿ.ˋ.ˊ$ˈ: boolean ˆ()>                                                                                                                           ,<BuildClass: java.lang.String getFINGERPRINT()>
2B7F0649BA73E409E15B76DAEDF350EEBCDDB077239F8294C1B0BF6349FFD564 ,<abz.ebvfanw.jzhttlkfj.l: boolean l()>                                                                                                               ,<BuildClass: java.lang.String getFINGERPRINT()>
4761163B90E6E7AE170D5A4E8BDE3186ADC79534137A5A6F25A972253600D475 ,<ooz.obvfhvs.tlkweqels.l: boolean l()>                                                                                                               ,<BuildClass: java.lang.String getFINGERPRINT()>
5C635839198ADAF7E43C51FD0B425D93B6CA21108962784F81F4AD032EE56D70 ,<huu.oaikfbh.kwaenuxgg.l: boolean l()>                                                                                                               ,<BuildClass: java.lang.String getFINGERPRINT()>
B80ADD5DB20AD56B354B31250B1DDDA872E06EB593502CC4626B3C9CE362F448 ,<wjz.ogaaxkt.ooptbbdoc.l: boolean l()>                                                                                                               ,<BuildClass: java.lang.String getFINGERPRINT()>
D280F850FE3BB3D6993CD54DF804F1C04D591C4146907205A759060719ABF4B2 ,<rfn.ssnczpv.edntifvjr.l: boolean l()>                                                                                                               ,<BuildClass: java.lang.String getFINGERPRINT()>
E157DB4EDD7734D71A36AB5D0575F9CDAB0BCF4459454010A114F28CC3ADF6A3 ,<bom.bowqsdu.dycezoyrv.l: boolean l()>                                                                                                               ,<BuildClass: java.lang.String getFINGERPRINT()>
FA4C892250A117639D2AE3E0AB274F74541AA3F8525C09E0D7A37AC39D9FD50C ,<cfv.xezeeon.fcqwoyhpp.l: boolean l()>                                                                                                               ,<BuildClass: java.lang.String getFINGERPRINT()>
1EDE33012DD3DBD4F7A5101EFCDD07CF47287EB1F7B15D2FCE74817761A6A724 ,"<net.adxmi.android.b.b.g.f.e: void a(android.content.Context,net.adxmi.android.b.b.g.a.d,net.adxmi.android.b.b.g.e.a,net.adxmi.android.b.b.g.d.e)>" ,<org.apache.http.HttpEntity: long getContentLength()>
4D777E54BF3DCDD9F3B88F4710976294097A61D7C77D4321525C9B879480F1E3 ,<com.appsgeyser.sdk.server.network.NetworkManager: boolean isOnline(android.content.Context)>                                                        ,<android.net.ConnectivityManager: android.net.NetworkInfo getActiveNetworkInfo()>
77907EF69C075A3736DF7019B81AEDEA29F2BF2A4283588A8C42D4DC783A4BA9 ,<com.appsgeyser.sdk.server.network.NetworkManager: boolean isOnline(android.content.Context)>                                                        ,<android.net.ConnectivityManager: android.net.NetworkInfo getActiveNetworkInfo()>                      
759A51524BA70C9A6C6D93FD45FCF4252589811967C296575274B972CFFAB820 ,<com.appsgeyser.sdk.server.network.NetworkManager: boolean isOnline(android.content.Context)>                                                        ,<android.net.ConnectivityManager: android.net.NetworkInfo getActiveNetworkInfo()>       
3B18A97452C57C4C76F02D70067186F9BB6281EE8A46656528D96FC6BDDBE86D ,<com.appsgeyser.sdk.server.network.NetworkManager: boolean isOnline(android.content.Context)>                                                        ,<android.net.ConnectivityManager: android.net.NetworkInfo getActiveNetworkInfo()>                                                                                                                                                                                           
D1CCEE98C9EA6FD0FA2305F1579EB64A24C6381EF1E196E414F1782BD8B2D637 ,<com.appsgeyser.sdk.server.network.NetworkManager: boolean isOnline(android.content.Context)>                                                        ,<android.net.ConnectivityManager: android.net.NetworkInfo getActiveNetworkInfo()>                                                                                                                    